{"accuracy": [0.5933056473731995, 0.7816670536994934, 0.8459855318069458, 0.9004594087600708, 0.9269306659698486, 0.9492452144622803, 0.9617151618003845, 0.9726536870002747, 0.9774666428565979, 0.9899365305900574], "loss": [0.9409046173095703, 0.5577347874641418, 0.4046172499656677, 0.28885722160339355, 0.20647504925727844, 0.15090622007846832, 0.10584063082933426, 0.08545298129320145, 0.06772064417600632, 0.03305600956082344], "val_accuracy": [0.7870289087295532, 0.8045573830604553, 0.8588957190513611, 0.900964081287384, 0.8729184865951538, 0.9255039691925049, 0.9184925556182861, 0.9368974566459656, 0.9368974566459656, 0.9421560168266296], "val_loss": [0.5535960793495178, 0.4786297678947449, 0.3428504168987274, 0.25730979442596436, 0.32480305433273315, 0.21396799385547638, 0.27703389525413513, 0.20605994760990143, 0.1867966204881668, 0.2039787769317627]}